Rank,ResumeID,Score,Query
1,R000001,1,"sql"
2,R000009,1,"sql"
3,R000018,1,"sql"
4,R000020,1,"sql"
5,R000022,1,"sql"
6,R000024,1,"sql"
7,R000025,1,"sql"
8,R000030,1,"sql"
9,R000032,1,"sql"
10,R000033,1,"sql"
11,R000036,1,"sql"
12,R000043,1,"sql"
13,R000046,1,"sql"
14,R000049,1,"sql"
15,R000050,1,"sql"
16,R000058,1,"sql"
17,R000061,1,"sql"
18,R000066,1,"sql"
19,R000069,1,"sql"
20,R000075,1,"sql"
21,R000077,1,"sql"
22,R000079,1,"sql"
23,R000087,1,"sql"
24,R000088,1,"sql"
25,R000090,1,"sql"
26,R000093,1,"sql"
27,R000096,1,"sql"
28,R000098,1,"sql"
29,R000109,1,"sql"
30,R000119,1,"sql"
31,R000123,1,"sql"
32,R000126,1,"sql"
33,R000127,1,"sql"
34,R000134,1,"sql"
35,R000138,1,"sql"
36,R000139,1,"sql"
37,R000148,1,"sql"
38,R000149,1,"sql"
39,R000152,1,"sql"
40,R000153,1,"sql"
41,R000156,1,"sql"
42,R000159,1,"sql"
43,R000160,1,"sql"
44,R000161,1,"sql"
45,R000166,1,"sql"
46,R000168,1,"sql"
47,R000169,1,"sql"
48,R000177,1,"sql"
49,R000180,1,"sql"
50,R000185,1,"sql"
51,R000186,1,"sql"
52,R000188,1,"sql"
53,R000193,1,"sql"
54,R000195,1,"sql"
55,R000196,1,"sql"
56,R000199,1,"sql"
57,R000201,1,"sql"
58,R000204,1,"sql"
59,R000206,1,"sql"
60,R000209,1,"sql"
61,R000211,1,"sql"
62,R000212,1,"sql"
63,R000223,1,"sql"
64,R000230,1,"sql"
65,R000234,1,"sql"
66,R000237,1,"sql"
67,R000250,1,"sql"
68,R000252,1,"sql"
69,R000253,1,"sql"
70,R000255,1,"sql"
71,R000258,1,"sql"
72,R000259,1,"sql"
73,R000260,1,"sql"
74,R000261,1,"sql"
75,R000262,1,"sql"
76,R000264,1,"sql"
77,R000270,1,"sql"
78,R000277,1,"sql"
79,R000278,1,"sql"
80,R000286,1,"sql"
81,R000287,1,"sql"
82,R000293,1,"sql"
83,R000295,1,"sql"
84,R000299,1,"sql"
85,R000303,1,"sql"
86,R000308,1,"sql"
87,R000315,1,"sql"
88,R000323,1,"sql"
89,R000325,1,"sql"
90,R000328,1,"sql"
91,R000332,1,"sql"
92,R000339,1,"sql"
93,R000340,1,"sql"
94,R000341,1,"sql"
95,R000346,1,"sql"
96,R000350,1,"sql"
97,R000353,1,"sql"
98,R000359,1,"sql"
99,R000363,1,"sql"
100,R000366,1,"sql"
101,R000367,1,"sql"
102,R000372,1,"sql"
103,R000374,1,"sql"
104,R000375,1,"sql"
105,R000376,1,"sql"
106,R000387,1,"sql"
107,R000388,1,"sql"
108,R000391,1,"sql"
109,R000392,1,"sql"
110,R000398,1,"sql"
111,R000409,1,"sql"
112,R000412,1,"sql"
113,R000413,1,"sql"
114,R000416,1,"sql"
115,R000418,1,"sql"
116,R000422,1,"sql"
117,R000424,1,"sql"
118,R000425,1,"sql"
119,R000428,1,"sql"
120,R000432,1,"sql"
121,R000436,1,"sql"
122,R000437,1,"sql"
123,R000438,1,"sql"
124,R000442,1,"sql"
125,R000444,1,"sql"
126,R000447,1,"sql"
127,R000453,1,"sql"
128,R000454,1,"sql"
129,R000455,1,"sql"
130,R000460,1,"sql"
131,R000463,1,"sql"
132,R000465,1,"sql"
133,R000467,1,"sql"
134,R000478,1,"sql"
135,R000481,1,"sql"
136,R000485,1,"sql"
137,R000491,1,"sql"
138,R000492,1,"sql"
139,R000505,1,"sql"
140,R000507,1,"sql"
141,R000513,1,"sql"
142,R000514,1,"sql"
143,R000517,1,"sql"
144,R000520,1,"sql"
145,R000526,1,"sql"
146,R000529,1,"sql"
147,R000530,1,"sql"
148,R000531,1,"sql"
149,R000533,1,"sql"
150,R000536,1,"sql"
151,R000539,1,"sql"
152,R000540,1,"sql"
153,R000547,1,"sql"
154,R000550,1,"sql"
155,R000551,1,"sql"
156,R000557,1,"sql"
157,R000559,1,"sql"
158,R000569,1,"sql"
159,R000571,1,"sql"
160,R000581,1,"sql"
161,R000594,1,"sql"
162,R000596,1,"sql"
163,R000597,1,"sql"
164,R000598,1,"sql"
165,R000603,1,"sql"
166,R000605,1,"sql"
167,R000609,1,"sql"
168,R000615,1,"sql"
169,R000620,1,"sql"
170,R000627,1,"sql"
171,R000628,1,"sql"
172,R000629,1,"sql"
173,R000631,1,"sql"
174,R000637,1,"sql"
175,R000639,1,"sql"
176,R000641,1,"sql"
177,R000644,1,"sql"
178,R000645,1,"sql"
179,R000648,1,"sql"
180,R000650,1,"sql"
181,R000653,1,"sql"
182,R000655,1,"sql"
183,R000658,1,"sql"
184,R000661,1,"sql"
185,R000662,1,"sql"
186,R000663,1,"sql"
187,R000678,1,"sql"
188,R000679,1,"sql"
189,R000694,1,"sql"
190,R000698,1,"sql"
191,R000699,1,"sql"
192,R000700,1,"sql"
193,R000704,1,"sql"
194,R000716,1,"sql"
195,R000727,1,"sql"
196,R000734,1,"sql"
197,R000740,1,"sql"
198,R000745,1,"sql"
199,R000747,1,"sql"
200,R000751,1,"sql"
201,R000752,1,"sql"
202,R000754,1,"sql"
203,R000764,1,"sql"
204,R000765,1,"sql"
205,R000767,1,"sql"
206,R000773,1,"sql"
207,R000776,1,"sql"
208,R000782,1,"sql"
209,R000783,1,"sql"
210,R000789,1,"sql"
211,R000790,1,"sql"
212,R000791,1,"sql"
213,R000795,1,"sql"
214,R000796,1,"sql"
215,R000799,1,"sql"
216,R000804,1,"sql"
217,R000816,1,"sql"
218,R000819,1,"sql"
219,R000823,1,"sql"
220,R000830,1,"sql"
221,R000832,1,"sql"
222,R000834,1,"sql"
223,R000837,1,"sql"
224,R000842,1,"sql"
225,R000860,1,"sql"
226,R000861,1,"sql"
227,R000862,1,"sql"
228,R000863,1,"sql"
229,R000868,1,"sql"
230,R000869,1,"sql"
231,R000870,1,"sql"
232,R000872,1,"sql"
233,R000877,1,"sql"
234,R000889,1,"sql"
235,R000891,1,"sql"
236,R000897,1,"sql"
237,R000898,1,"sql"
238,R000900,1,"sql"
239,R000901,1,"sql"
240,R000903,1,"sql"
241,R000913,1,"sql"
242,R000918,1,"sql"
243,R000922,1,"sql"
244,R000927,1,"sql"
245,R000929,1,"sql"
246,R000932,1,"sql"
247,R000944,1,"sql"
248,R000953,1,"sql"
249,R000959,1,"sql"
250,R000971,1,"sql"
251,R000972,1,"sql"
252,R000974,1,"sql"
253,R000979,1,"sql"
254,R000983,1,"sql"
255,R000984,1,"sql"
256,R000988,1,"sql"
257,R000989,1,"sql"
258,R000995,1,"sql"
259,R000998,1,"sql"
260,R000999,1,"sql"
261,R001014,1,"sql"
262,R001018,1,"sql"
263,R001019,1,"sql"
264,R001020,1,"sql"
265,R001021,1,"sql"
266,R001022,1,"sql"
267,R001026,1,"sql"
268,R001035,1,"sql"
269,R001036,1,"sql"
270,R001038,1,"sql"
271,R001042,1,"sql"
272,R001044,1,"sql"
273,R001052,1,"sql"
274,R001053,1,"sql"
275,R001054,1,"sql"
276,R001059,1,"sql"
277,R001062,1,"sql"
278,R001069,1,"sql"
279,R001072,1,"sql"
280,R001077,1,"sql"
281,R001078,1,"sql"
282,R001080,1,"sql"
283,R001082,1,"sql"
284,R001087,1,"sql"
285,R001088,1,"sql"
286,R001089,1,"sql"
287,R001094,1,"sql"
288,R001095,1,"sql"
289,R001097,1,"sql"
290,R001100,1,"sql"
291,R001109,1,"sql"
292,R001111,1,"sql"
293,R001118,1,"sql"
294,R001119,1,"sql"
295,R001124,1,"sql"
296,R001127,1,"sql"
297,R001128,1,"sql"
298,R001136,1,"sql"
299,R001145,1,"sql"
300,R001152,1,"sql"
301,R001153,1,"sql"
302,R001160,1,"sql"
303,R001161,1,"sql"
304,R001167,1,"sql"
305,R001169,1,"sql"
306,R001171,1,"sql"
307,R001174,1,"sql"
308,R001175,1,"sql"
309,R001176,1,"sql"
310,R001177,1,"sql"
311,R001180,1,"sql"
312,R001181,1,"sql"
313,R001182,1,"sql"
314,R001192,1,"sql"
315,R001195,1,"sql"
316,R001198,1,"sql"
317,R001200,1,"sql"
318,R001201,1,"sql"
319,R001204,1,"sql"
320,R001206,1,"sql"
321,R001217,1,"sql"
322,R001220,1,"sql"
323,R001225,1,"sql"
324,R001226,1,"sql"
325,R001227,1,"sql"
326,R001231,1,"sql"
327,R001234,1,"sql"
328,R001239,1,"sql"
329,R001242,1,"sql"
330,R001243,1,"sql"
331,R001244,1,"sql"
332,R001245,1,"sql"
333,R001251,1,"sql"
334,R001254,1,"sql"
335,R001258,1,"sql"
336,R001260,1,"sql"
337,R001262,1,"sql"
338,R001265,1,"sql"
339,R001267,1,"sql"
340,R001270,1,"sql"
341,R001272,1,"sql"
342,R001275,1,"sql"
343,R001277,1,"sql"
344,R001280,1,"sql"
345,R001282,1,"sql"
346,R001284,1,"sql"
347,R001285,1,"sql"
348,R001290,1,"sql"
349,R001293,1,"sql"
350,R001294,1,"sql"
351,R001301,1,"sql"
352,R001305,1,"sql"
353,R001312,1,"sql"
354,R001323,1,"sql"
355,R001325,1,"sql"
356,R001332,1,"sql"
357,R001346,1,"sql"
358,R001348,1,"sql"
359,R001361,1,"sql"
360,R001362,1,"sql"
361,R001363,1,"sql"
362,R001364,1,"sql"
363,R001370,1,"sql"
364,R001375,1,"sql"
365,R001377,1,"sql"
366,R001378,1,"sql"
367,R001381,1,"sql"
368,R001386,1,"sql"
369,R001389,1,"sql"
370,R001393,1,"sql"
371,R001396,1,"sql"
372,R001401,1,"sql"
373,R001402,1,"sql"
374,R001408,1,"sql"
375,R001418,1,"sql"
376,R001419,1,"sql"
377,R001420,1,"sql"
378,R001421,1,"sql"
379,R001440,1,"sql"
380,R001444,1,"sql"
381,R001448,1,"sql"
382,R001456,1,"sql"
383,R001457,1,"sql"
384,R001460,1,"sql"
385,R001466,1,"sql"
386,R001480,1,"sql"
387,R001481,1,"sql"
388,R001488,1,"sql"
389,R001493,1,"sql"
390,R001495,1,"sql"
391,R001497,1,"sql"
392,R001508,1,"sql"
393,R001523,1,"sql"
394,R001535,1,"sql"
395,R001537,1,"sql"
396,R001540,1,"sql"
397,R001541,1,"sql"
398,R001547,1,"sql"
399,R001550,1,"sql"
400,R001551,1,"sql"
401,R001554,1,"sql"
402,R001558,1,"sql"
403,R001559,1,"sql"
404,R001562,1,"sql"
405,R001565,1,"sql"
406,R001569,1,"sql"
407,R001593,1,"sql"
408,R001604,1,"sql"
409,R001609,1,"sql"
410,R001619,1,"sql"
411,R001627,1,"sql"
412,R001628,1,"sql"
413,R001631,1,"sql"
414,R001636,1,"sql"
415,R001640,1,"sql"
416,R001647,1,"sql"
417,R001648,1,"sql"
418,R001650,1,"sql"
419,R001652,1,"sql"
420,R001671,1,"sql"
421,R001674,1,"sql"
422,R001679,1,"sql"
423,R001682,1,"sql"
424,R001687,1,"sql"
425,R001688,1,"sql"
426,R001694,1,"sql"
427,R001696,1,"sql"
428,R001699,1,"sql"
429,R001704,1,"sql"
430,R001707,1,"sql"
431,R001711,1,"sql"
432,R001714,1,"sql"
433,R001717,1,"sql"
434,R001719,1,"sql"
435,R001721,1,"sql"
436,R001722,1,"sql"
437,R001728,1,"sql"
438,R001730,1,"sql"
439,R001731,1,"sql"
440,R001732,1,"sql"
441,R001742,1,"sql"
442,R001757,1,"sql"
443,R001772,1,"sql"
444,R001778,1,"sql"
445,R001787,1,"sql"
446,R001793,1,"sql"
447,R001805,1,"sql"
448,R001808,1,"sql"
449,R001809,1,"sql"
450,R001813,1,"sql"
451,R001816,1,"sql"
452,R001817,1,"sql"
453,R001819,1,"sql"
454,R001822,1,"sql"
455,R001826,1,"sql"
456,R001829,1,"sql"
457,R001852,1,"sql"
458,R001857,1,"sql"
459,R001863,1,"sql"
460,R001868,1,"sql"
461,R001869,1,"sql"
462,R001870,1,"sql"
463,R001876,1,"sql"
464,R001879,1,"sql"
465,R001884,1,"sql"
466,R001889,1,"sql"
467,R001890,1,"sql"
468,R001902,1,"sql"
469,R001903,1,"sql"
470,R001904,1,"sql"
471,R001905,1,"sql"
472,R001908,1,"sql"
473,R001912,1,"sql"
474,R001918,1,"sql"
475,R001922,1,"sql"
476,R001923,1,"sql"
477,R001924,1,"sql"
478,R001931,1,"sql"
479,R001939,1,"sql"
480,R001944,1,"sql"
481,R001951,1,"sql"
482,R001957,1,"sql"
483,R001959,1,"sql"
484,R001960,1,"sql"
485,R001962,1,"sql"
486,R001965,1,"sql"
487,R001969,1,"sql"
488,R001979,1,"sql"
489,R001983,1,"sql"
490,R001987,1,"sql"
491,R001988,1,"sql"
492,R001990,1,"sql"
493,R001995,1,"sql"
494,R001998,1,"sql"
495,R002005,1,"sql"
496,R002011,1,"sql"
497,R002014,1,"sql"
498,R002015,1,"sql"
499,R002021,1,"sql"
500,R002024,1,"sql"
501,R002026,1,"sql"
502,R002027,1,"sql"
503,R002031,1,"sql"
504,R002039,1,"sql"
505,R002044,1,"sql"
506,R002045,1,"sql"
507,R002047,1,"sql"
508,R002049,1,"sql"
509,R002062,1,"sql"
510,R002066,1,"sql"
511,R002074,1,"sql"
512,R002080,1,"sql"
513,R002088,1,"sql"
514,R002089,1,"sql"
515,R002091,1,"sql"
516,R002100,1,"sql"
517,R002102,1,"sql"
518,R002107,1,"sql"
519,R002109,1,"sql"
520,R002110,1,"sql"
521,R002111,1,"sql"
522,R002114,1,"sql"
523,R002116,1,"sql"
524,R002117,1,"sql"
525,R002119,1,"sql"
526,R002120,1,"sql"
527,R002123,1,"sql"
528,R002126,1,"sql"
529,R002129,1,"sql"
530,R002130,1,"sql"
531,R002134,1,"sql"
532,R002137,1,"sql"
533,R002138,1,"sql"
534,R002139,1,"sql"
535,R002140,1,"sql"
536,R002141,1,"sql"
537,R002148,1,"sql"
538,R002149,1,"sql"
539,R002164,1,"sql"
540,R002169,1,"sql"
541,R002170,1,"sql"
542,R002173,1,"sql"
543,R002191,1,"sql"
544,R002198,1,"sql"
545,R002204,1,"sql"
546,R002216,1,"sql"
547,R002217,1,"sql"
548,R002221,1,"sql"
549,R002229,1,"sql"
550,R002230,1,"sql"
551,R002236,1,"sql"
552,R002238,1,"sql"
553,R002253,1,"sql"
554,R002254,1,"sql"
555,R002255,1,"sql"
556,R002262,1,"sql"
557,R002272,1,"sql"
558,R002276,1,"sql"
559,R002279,1,"sql"
560,R002282,1,"sql"
561,R002283,1,"sql"
562,R002286,1,"sql"
563,R002287,1,"sql"
564,R002289,1,"sql"
565,R002296,1,"sql"
566,R002307,1,"sql"
567,R002314,1,"sql"
568,R002316,1,"sql"
569,R002321,1,"sql"
570,R002327,1,"sql"
571,R002344,1,"sql"
572,R002346,1,"sql"
573,R002347,1,"sql"
574,R002354,1,"sql"
575,R002355,1,"sql"
576,R002360,1,"sql"
577,R002361,1,"sql"
578,R002363,1,"sql"
579,R002365,1,"sql"
580,R002372,1,"sql"
581,R002373,1,"sql"
582,R002374,1,"sql"
583,R002382,1,"sql"
584,R002383,1,"sql"
585,R002387,1,"sql"
586,R002392,1,"sql"
587,R002398,1,"sql"
588,R002399,1,"sql"
589,R002404,1,"sql"
590,R002405,1,"sql"
591,R002407,1,"sql"
592,R002411,1,"sql"
593,R002414,1,"sql"
594,R002415,1,"sql"
595,R002416,1,"sql"
596,R002421,1,"sql"
597,R002425,1,"sql"
598,R002439,1,"sql"
599,R002448,1,"sql"
600,R002451,1,"sql"
601,R002457,1,"sql"
602,R002460,1,"sql"
603,R002464,1,"sql"
604,R002466,1,"sql"
605,R002467,1,"sql"
606,R002468,1,"sql"
607,R002472,1,"sql"
608,R002474,1,"sql"
609,R002476,1,"sql"
610,R002477,1,"sql"
611,R002482,1,"sql"
612,R002487,1,"sql"
613,R002499,1,"sql"
614,R002503,1,"sql"
615,R002506,1,"sql"
616,R002507,1,"sql"
617,R002513,1,"sql"
618,R002517,1,"sql"
619,R002519,1,"sql"
620,R002520,1,"sql"
621,R002523,1,"sql"
622,R002524,1,"sql"
623,R002531,1,"sql"
624,R002532,1,"sql"
625,R002534,1,"sql"
626,R002536,1,"sql"
627,R002537,1,"sql"
628,R002543,1,"sql"
629,R002544,1,"sql"
630,R002547,1,"sql"
631,R002549,1,"sql"
632,R002550,1,"sql"
633,R002552,1,"sql"
634,R002557,1,"sql"
635,R002560,1,"sql"
636,R002565,1,"sql"
637,R002566,1,"sql"
638,R002569,1,"sql"
639,R002573,1,"sql"
640,R002575,1,"sql"
641,R002579,1,"sql"
642,R002586,1,"sql"
643,R002589,1,"sql"
644,R002592,1,"sql"
645,R002596,1,"sql"
646,R002606,1,"sql"
647,R002612,1,"sql"
648,R002615,1,"sql"
649,R002619,1,"sql"
650,R002626,1,"sql"
651,R002631,1,"sql"
652,R002636,1,"sql"
653,R002638,1,"sql"
654,R002650,1,"sql"
655,R002659,1,"sql"
656,R002661,1,"sql"
657,R002662,1,"sql"
658,R002663,1,"sql"
659,R002666,1,"sql"
660,R002669,1,"sql"
661,R002677,1,"sql"
662,R002682,1,"sql"
663,R002690,1,"sql"
664,R002694,1,"sql"
665,R002705,1,"sql"
666,R002707,1,"sql"
667,R002714,1,"sql"
668,R002718,1,"sql"
669,R002719,1,"sql"
670,R002720,1,"sql"
671,R002727,1,"sql"
672,R002730,1,"sql"
673,R002736,1,"sql"
674,R002739,1,"sql"
675,R002742,1,"sql"
676,R002743,1,"sql"
677,R002747,1,"sql"
678,R002756,1,"sql"
679,R002762,1,"sql"
680,R002763,1,"sql"
681,R002766,1,"sql"
682,R002772,1,"sql"
683,R002774,1,"sql"
684,R002783,1,"sql"
685,R002784,1,"sql"
686,R002786,1,"sql"
687,R002790,1,"sql"
688,R002791,1,"sql"
689,R002793,1,"sql"
690,R002794,1,"sql"
691,R002796,1,"sql"
692,R002802,1,"sql"
693,R002804,1,"sql"
694,R002807,1,"sql"
695,R002810,1,"sql"
696,R002811,1,"sql"
697,R002812,1,"sql"
698,R002813,1,"sql"
699,R002819,1,"sql"
700,R002820,1,"sql"
701,R002823,1,"sql"
702,R002825,1,"sql"
703,R002827,1,"sql"
704,R002828,1,"sql"
705,R002829,1,"sql"
706,R002832,1,"sql"
707,R002833,1,"sql"
708,R002840,1,"sql"
709,R002852,1,"sql"
710,R002860,1,"sql"
711,R002869,1,"sql"
712,R002871,1,"sql"
713,R002874,1,"sql"
714,R002880,1,"sql"
715,R002883,1,"sql"
716,R002886,1,"sql"
717,R002887,1,"sql"
718,R002890,1,"sql"
719,R002891,1,"sql"
720,R002894,1,"sql"
721,R002899,1,"sql"
722,R002911,1,"sql"
723,R002915,1,"sql"
724,R002920,1,"sql"
725,R002922,1,"sql"
726,R002924,1,"sql"
727,R002925,1,"sql"
728,R002928,1,"sql"
729,R002934,1,"sql"
730,R002936,1,"sql"
731,R002941,1,"sql"
732,R002947,1,"sql"
733,R002948,1,"sql"
734,R002956,1,"sql"
735,R002959,1,"sql"
736,R002961,1,"sql"
737,R002963,1,"sql"
738,R002971,1,"sql"
739,R002973,1,"sql"
740,R002980,1,"sql"
741,R002983,1,"sql"
742,R002991,1,"sql"
743,R002995,1,"sql"
744,R002996,1,"sql"
745,R003000,1,"sql"
746,R003002,1,"sql"
747,R003006,1,"sql"
748,R003010,1,"sql"
749,R003014,1,"sql"
750,R003021,1,"sql"
751,R003023,1,"sql"
752,R003024,1,"sql"
753,R003032,1,"sql"
754,R003035,1,"sql"
755,R003057,1,"sql"
756,R003072,1,"sql"
757,R003078,1,"sql"
758,R003079,1,"sql"
759,R003083,1,"sql"
760,R003089,1,"sql"
761,R003093,1,"sql"
762,R003096,1,"sql"
763,R003101,1,"sql"
764,R003103,1,"sql"
765,R003106,1,"sql"
766,R003108,1,"sql"
767,R003110,1,"sql"
768,R003114,1,"sql"
769,R003116,1,"sql"
770,R003117,1,"sql"
771,R003124,1,"sql"
772,R003127,1,"sql"
773,R003131,1,"sql"
774,R003133,1,"sql"
775,R003149,1,"sql"
776,R003158,1,"sql"
777,R003162,1,"sql"
778,R003173,1,"sql"
779,R003176,1,"sql"
780,R003187,1,"sql"
781,R003194,1,"sql"
782,R003197,1,"sql"
783,R003199,1,"sql"
784,R003202,1,"sql"
785,R003208,1,"sql"
786,R003209,1,"sql"
787,R003222,1,"sql"
788,R003225,1,"sql"
789,R003226,1,"sql"
790,R003227,1,"sql"
791,R003229,1,"sql"
792,R003230,1,"sql"
793,R003232,1,"sql"
794,R003236,1,"sql"
795,R003253,1,"sql"
796,R003255,1,"sql"
797,R003256,1,"sql"
798,R003258,1,"sql"
799,R003260,1,"sql"
800,R003268,1,"sql"
801,R003271,1,"sql"
802,R003275,1,"sql"
803,R003278,1,"sql"
804,R003284,1,"sql"
805,R003288,1,"sql"
806,R003296,1,"sql"
807,R003298,1,"sql"
808,R003300,1,"sql"
809,R003302,1,"sql"
810,R003305,1,"sql"
811,R003310,1,"sql"
812,R003314,1,"sql"
813,R003321,1,"sql"
814,R003322,1,"sql"
815,R003335,1,"sql"
816,R003340,1,"sql"
817,R003343,1,"sql"
818,R003348,1,"sql"
819,R003349,1,"sql"
820,R003350,1,"sql"
821,R003351,1,"sql"
822,R003352,1,"sql"
823,R003367,1,"sql"
824,R003377,1,"sql"
825,R003378,1,"sql"
826,R003380,1,"sql"
827,R003381,1,"sql"
828,R003382,1,"sql"
829,R003387,1,"sql"
830,R003392,1,"sql"
831,R003394,1,"sql"
832,R003396,1,"sql"
833,R003400,1,"sql"
834,R003404,1,"sql"
835,R003412,1,"sql"
836,R003413,1,"sql"
837,R003414,1,"sql"
838,R003423,1,"sql"
839,R003428,1,"sql"
840,R003434,1,"sql"
841,R003439,1,"sql"
842,R003443,1,"sql"
843,R003448,1,"sql"
844,R003449,1,"sql"
845,R003450,1,"sql"
846,R003456,1,"sql"
847,R003462,1,"sql"
848,R003467,1,"sql"
849,R003471,1,"sql"
850,R003475,1,"sql"
851,R003477,1,"sql"
852,R003480,1,"sql"
853,R003483,1,"sql"
854,R003484,1,"sql"
855,R003490,1,"sql"
856,R003493,1,"sql"
857,R003503,1,"sql"
858,R003504,1,"sql"
859,R003506,1,"sql"
860,R003508,1,"sql"
861,R003513,1,"sql"
862,R003522,1,"sql"
863,R003526,1,"sql"
864,R003530,1,"sql"
865,R003535,1,"sql"
866,R003536,1,"sql"
867,R003549,1,"sql"
868,R003561,1,"sql"
869,R003570,1,"sql"
870,R003571,1,"sql"
871,R003578,1,"sql"
872,R003592,1,"sql"
873,R003601,1,"sql"
874,R003611,1,"sql"
875,R003612,1,"sql"
876,R003614,1,"sql"
877,R003622,1,"sql"
878,R003624,1,"sql"
879,R003628,1,"sql"
880,R003640,1,"sql"
881,R003641,1,"sql"
882,R003647,1,"sql"
883,R003650,1,"sql"
884,R003657,1,"sql"
885,R003665,1,"sql"
886,R003666,1,"sql"
887,R003667,1,"sql"
888,R003680,1,"sql"
889,R003681,1,"sql"
890,R003683,1,"sql"
891,R003687,1,"sql"
892,R003699,1,"sql"
893,R003705,1,"sql"
894,R003707,1,"sql"
895,R003709,1,"sql"
896,R003712,1,"sql"
897,R003718,1,"sql"
898,R003722,1,"sql"
899,R003728,1,"sql"
900,R003732,1,"sql"
901,R003738,1,"sql"
902,R003740,1,"sql"
903,R003749,1,"sql"
904,R003757,1,"sql"
905,R003782,1,"sql"
906,R003785,1,"sql"
907,R003805,1,"sql"
908,R003811,1,"sql"
909,R003826,1,"sql"
910,R003835,1,"sql"
911,R003844,1,"sql"
912,R003854,1,"sql"
913,R003855,1,"sql"
914,R003856,1,"sql"
915,R003859,1,"sql"
916,R003860,1,"sql"
917,R003863,1,"sql"
918,R003870,1,"sql"
919,R003873,1,"sql"
920,R003877,1,"sql"
921,R003878,1,"sql"
922,R003880,1,"sql"
923,R003881,1,"sql"
924,R003882,1,"sql"
925,R003884,1,"sql"
926,R003887,1,"sql"
927,R003888,1,"sql"
928,R003898,1,"sql"
929,R003899,1,"sql"
930,R003902,1,"sql"
931,R003908,1,"sql"
932,R003909,1,"sql"
933,R003914,1,"sql"
934,R003915,1,"sql"
935,R003916,1,"sql"
936,R003924,1,"sql"
937,R003928,1,"sql"
938,R003931,1,"sql"
939,R003937,1,"sql"
940,R003940,1,"sql"
941,R003948,1,"sql"
942,R003966,1,"sql"
943,R003968,1,"sql"
944,R003973,1,"sql"
945,R003976,1,"sql"
946,R003977,1,"sql"
947,R003982,1,"sql"
948,R003988,1,"sql"
949,R003999,1,"sql"
950,R004003,1,"sql"
951,R004004,1,"sql"
952,R004009,1,"sql"
953,R004010,1,"sql"
954,R004022,1,"sql"
955,R004025,1,"sql"
956,R004028,1,"sql"
957,R004030,1,"sql"
958,R004036,1,"sql"
959,R004049,1,"sql"
960,R004053,1,"sql"
961,R004063,1,"sql"
962,R004065,1,"sql"
963,R004067,1,"sql"
964,R004080,1,"sql"
965,R004081,1,"sql"
966,R004082,1,"sql"
967,R004093,1,"sql"
968,R004099,1,"sql"
969,R004101,1,"sql"
970,R004116,1,"sql"
971,R004131,1,"sql"
972,R004133,1,"sql"
973,R004135,1,"sql"
974,R004142,1,"sql"
975,R004144,1,"sql"
976,R004153,1,"sql"
977,R004154,1,"sql"
978,R004155,1,"sql"
979,R004158,1,"sql"
980,R004160,1,"sql"
981,R004161,1,"sql"
982,R004167,1,"sql"
983,R004175,1,"sql"
984,R004180,1,"sql"
985,R004188,1,"sql"
986,R004192,1,"sql"
987,R004195,1,"sql"
988,R004199,1,"sql"
989,R004212,1,"sql"
990,R004215,1,"sql"
991,R004219,1,"sql"
992,R004227,1,"sql"
993,R004234,1,"sql"
994,R004239,1,"sql"
995,R004244,1,"sql"
996,R004245,1,"sql"
997,R004248,1,"sql"
998,R004269,1,"sql"
999,R004271,1,"sql"
1000,R004275,1,"sql"
1001,R004277,1,"sql"
1002,R004278,1,"sql"
1003,R004279,1,"sql"
1004,R004280,1,"sql"
1005,R004281,1,"sql"
1006,R004286,1,"sql"
1007,R004287,1,"sql"
1008,R004292,1,"sql"
1009,R004295,1,"sql"
1010,R004296,1,"sql"
1011,R004298,1,"sql"
1012,R004300,1,"sql"
1013,R004301,1,"sql"
1014,R004302,1,"sql"
1015,R004311,1,"sql"
1016,R004313,1,"sql"
1017,R004318,1,"sql"
1018,R004322,1,"sql"
1019,R004323,1,"sql"
1020,R004326,1,"sql"
1021,R004328,1,"sql"
1022,R004333,1,"sql"
1023,R004334,1,"sql"
1024,R004340,1,"sql"
1025,R004341,1,"sql"
1026,R004344,1,"sql"
1027,R004349,1,"sql"
1028,R004353,1,"sql"
1029,R004355,1,"sql"
1030,R004356,1,"sql"
1031,R004359,1,"sql"
1032,R004366,1,"sql"
1033,R004373,1,"sql"
1034,R004374,1,"sql"
1035,R004382,1,"sql"
1036,R004385,1,"sql"
1037,R004386,1,"sql"
1038,R004388,1,"sql"
1039,R004393,1,"sql"
1040,R004395,1,"sql"
1041,R004396,1,"sql"
1042,R004399,1,"sql"
1043,R004406,1,"sql"
1044,R004408,1,"sql"
1045,R004409,1,"sql"
1046,R004413,1,"sql"
1047,R004418,1,"sql"
1048,R004420,1,"sql"
1049,R004426,1,"sql"
1050,R004427,1,"sql"
1051,R004430,1,"sql"
1052,R004432,1,"sql"
1053,R004435,1,"sql"
1054,R004441,1,"sql"
1055,R004443,1,"sql"
1056,R004444,1,"sql"
1057,R004445,1,"sql"
1058,R004446,1,"sql"
1059,R004451,1,"sql"
1060,R004453,1,"sql"
1061,R004454,1,"sql"
1062,R004457,1,"sql"
1063,R004460,1,"sql"
1064,R004466,1,"sql"
1065,R004467,1,"sql"
1066,R004468,1,"sql"
1067,R004472,1,"sql"
1068,R004478,1,"sql"
1069,R004480,1,"sql"
1070,R004485,1,"sql"
1071,R004489,1,"sql"
1072,R004499,1,"sql"
1073,R004506,1,"sql"
1074,R004511,1,"sql"
1075,R004512,1,"sql"
1076,R004523,1,"sql"
1077,R004525,1,"sql"
1078,R004529,1,"sql"
1079,R004532,1,"sql"
1080,R004537,1,"sql"
1081,R004539,1,"sql"
1082,R004551,1,"sql"
1083,R004552,1,"sql"
1084,R004553,1,"sql"
1085,R004555,1,"sql"
1086,R004564,1,"sql"
1087,R004565,1,"sql"
1088,R004570,1,"sql"
1089,R004575,1,"sql"
1090,R004576,1,"sql"
1091,R004579,1,"sql"
1092,R004584,1,"sql"
1093,R004586,1,"sql"
1094,R004587,1,"sql"
1095,R004589,1,"sql"
1096,R004591,1,"sql"
1097,R004595,1,"sql"
1098,R004598,1,"sql"
1099,R004600,1,"sql"
1100,R004605,1,"sql"
1101,R004617,1,"sql"
1102,R004621,1,"sql"
1103,R004622,1,"sql"
1104,R004623,1,"sql"
1105,R004626,1,"sql"
1106,R004632,1,"sql"
1107,R004633,1,"sql"
1108,R004638,1,"sql"
1109,R004639,1,"sql"
1110,R004642,1,"sql"
1111,R004644,1,"sql"
1112,R004650,1,"sql"
1113,R004659,1,"sql"
1114,R004663,1,"sql"
1115,R004678,1,"sql"
1116,R004679,1,"sql"
1117,R004690,1,"sql"
1118,R004697,1,"sql"
1119,R004699,1,"sql"
1120,R004702,1,"sql"
1121,R004703,1,"sql"
1122,R004711,1,"sql"
1123,R004724,1,"sql"
1124,R004731,1,"sql"
1125,R004734,1,"sql"
1126,R004741,1,"sql"
1127,R004743,1,"sql"
1128,R004750,1,"sql"
1129,R004762,1,"sql"
1130,R004765,1,"sql"
1131,R004767,1,"sql"
1132,R004772,1,"sql"
1133,R004776,1,"sql"
1134,R004779,1,"sql"
1135,R004780,1,"sql"
1136,R004783,1,"sql"
1137,R004784,1,"sql"
1138,R004790,1,"sql"
1139,R004791,1,"sql"
1140,R004794,1,"sql"
1141,R004795,1,"sql"
1142,R004797,1,"sql"
1143,R004804,1,"sql"
1144,R004814,1,"sql"
1145,R004821,1,"sql"
1146,R004825,1,"sql"
1147,R004831,1,"sql"
1148,R004841,1,"sql"
1149,R004843,1,"sql"
1150,R004845,1,"sql"
1151,R004847,1,"sql"
1152,R004848,1,"sql"
1153,R004855,1,"sql"
1154,R004859,1,"sql"
1155,R004864,1,"sql"
1156,R004870,1,"sql"
1157,R004871,1,"sql"
1158,R004872,1,"sql"
1159,R004880,1,"sql"
1160,R004884,1,"sql"
1161,R004886,1,"sql"
1162,R004889,1,"sql"
1163,R004891,1,"sql"
1164,R004895,1,"sql"
1165,R004906,1,"sql"
1166,R004907,1,"sql"
1167,R004909,1,"sql"
1168,R004916,1,"sql"
1169,R004930,1,"sql"
1170,R004931,1,"sql"
1171,R004936,1,"sql"
1172,R004944,1,"sql"
1173,R004948,1,"sql"
1174,R004949,1,"sql"
1175,R004951,1,"sql"
1176,R004961,1,"sql"
1177,R004967,1,"sql"
1178,R004968,1,"sql"
1179,R004975,1,"sql"
1180,R004983,1,"sql"
1181,R004994,1,"sql"
1182,R005004,1,"sql"
1183,R005007,1,"sql"
1184,R005015,1,"sql"
1185,R005018,1,"sql"
1186,R005020,1,"sql"
1187,R005022,1,"sql"
1188,R005026,1,"sql"
1189,R005034,1,"sql"
1190,R005042,1,"sql"
1191,R005044,1,"sql"
1192,R005046,1,"sql"
1193,R005047,1,"sql"
1194,R005049,1,"sql"
1195,R005054,1,"sql"
1196,R005057,1,"sql"
1197,R005063,1,"sql"
1198,R005064,1,"sql"
1199,R005067,1,"sql"
1200,R005068,1,"sql"
1201,R005071,1,"sql"
1202,R005072,1,"sql"
1203,R005075,1,"sql"
1204,R005078,1,"sql"
1205,R005082,1,"sql"
1206,R005083,1,"sql"
1207,R005087,1,"sql"
1208,R005093,1,"sql"
1209,R005094,1,"sql"
1210,R005096,1,"sql"
1211,R005100,1,"sql"
1212,R005103,1,"sql"
1213,R005115,1,"sql"
1214,R005120,1,"sql"
1215,R005126,1,"sql"
1216,R005136,1,"sql"
1217,R005138,1,"sql"
1218,R005144,1,"sql"
1219,R005147,1,"sql"
1220,R005149,1,"sql"
1221,R005152,1,"sql"
1222,R005159,1,"sql"
1223,R005180,1,"sql"
1224,R005182,1,"sql"
1225,R005184,1,"sql"
1226,R005186,1,"sql"
1227,R005189,1,"sql"
1228,R005190,1,"sql"
1229,R005191,1,"sql"
1230,R005199,1,"sql"
1231,R005200,1,"sql"
1232,R005203,1,"sql"
1233,R005206,1,"sql"
1234,R005213,1,"sql"
1235,R005216,1,"sql"
1236,R005223,1,"sql"
1237,R005226,1,"sql"
1238,R005231,1,"sql"
1239,R005236,1,"sql"
1240,R005238,1,"sql"
1241,R005242,1,"sql"
1242,R005245,1,"sql"
1243,R005253,1,"sql"
1244,R005259,1,"sql"
1245,R005266,1,"sql"
1246,R005273,1,"sql"
1247,R005283,1,"sql"
1248,R005293,1,"sql"
1249,R005303,1,"sql"
1250,R005305,1,"sql"
1251,R005312,1,"sql"
1252,R005313,1,"sql"
1253,R005314,1,"sql"
1254,R005315,1,"sql"
1255,R005316,1,"sql"
1256,R005329,1,"sql"
1257,R005336,1,"sql"
1258,R005344,1,"sql"
1259,R005350,1,"sql"
1260,R005352,1,"sql"
1261,R005353,1,"sql"
1262,R005354,1,"sql"
1263,R005358,1,"sql"
1264,R005359,1,"sql"
1265,R005367,1,"sql"
1266,R005368,1,"sql"
1267,R005385,1,"sql"
1268,R005386,1,"sql"
1269,R005388,1,"sql"
1270,R005391,1,"sql"
1271,R005397,1,"sql"
1272,R005405,1,"sql"
1273,R005406,1,"sql"
1274,R005407,1,"sql"
1275,R005414,1,"sql"
1276,R005416,1,"sql"
1277,R005418,1,"sql"
1278,R005419,1,"sql"
1279,R005424,1,"sql"
1280,R005429,1,"sql"
1281,R005433,1,"sql"
1282,R005435,1,"sql"
1283,R005445,1,"sql"
1284,R005448,1,"sql"
1285,R005449,1,"sql"
1286,R005451,1,"sql"
1287,R005453,1,"sql"
1288,R005465,1,"sql"
1289,R005467,1,"sql"
1290,R005473,1,"sql"
1291,R005474,1,"sql"
1292,R005476,1,"sql"
1293,R005480,1,"sql"
1294,R005485,1,"sql"
1295,R005489,1,"sql"
1296,R005493,1,"sql"
1297,R005494,1,"sql"
1298,R005497,1,"sql"
1299,R005500,1,"sql"
1300,R005508,1,"sql"
1301,R005510,1,"sql"
1302,R005512,1,"sql"
1303,R005513,1,"sql"
1304,R005517,1,"sql"
1305,R005520,1,"sql"
1306,R005524,1,"sql"
1307,R005529,1,"sql"
1308,R005531,1,"sql"
1309,R005533,1,"sql"
1310,R005534,1,"sql"
1311,R005538,1,"sql"
1312,R005547,1,"sql"
1313,R005549,1,"sql"
1314,R005562,1,"sql"
1315,R005567,1,"sql"
1316,R005570,1,"sql"
1317,R005578,1,"sql"
1318,R005580,1,"sql"
1319,R005592,1,"sql"
1320,R005594,1,"sql"
1321,R005597,1,"sql"
1322,R005610,1,"sql"
1323,R005613,1,"sql"
1324,R005617,1,"sql"
1325,R005631,1,"sql"
1326,R005632,1,"sql"
1327,R005636,1,"sql"
1328,R005637,1,"sql"
1329,R005645,1,"sql"
1330,R005649,1,"sql"
1331,R005662,1,"sql"
1332,R005663,1,"sql"
1333,R005667,1,"sql"
1334,R005668,1,"sql"
1335,R005675,1,"sql"
1336,R005676,1,"sql"
1337,R005682,1,"sql"
1338,R005684,1,"sql"
1339,R005687,1,"sql"
1340,R005688,1,"sql"
1341,R005689,1,"sql"
1342,R005694,1,"sql"
1343,R005702,1,"sql"
1344,R005708,1,"sql"
1345,R005717,1,"sql"
1346,R005719,1,"sql"
1347,R005720,1,"sql"
1348,R005723,1,"sql"
1349,R005724,1,"sql"
1350,R005733,1,"sql"
1351,R005736,1,"sql"
1352,R005741,1,"sql"
1353,R005744,1,"sql"
1354,R005748,1,"sql"
1355,R005756,1,"sql"
1356,R005764,1,"sql"
1357,R005765,1,"sql"
1358,R005767,1,"sql"
1359,R005780,1,"sql"
1360,R005789,1,"sql"
1361,R005792,1,"sql"
1362,R005800,1,"sql"
1363,R005811,1,"sql"
1364,R005814,1,"sql"
1365,R005815,1,"sql"
1366,R005822,1,"sql"
1367,R005829,1,"sql"
1368,R005836,1,"sql"
1369,R005837,1,"sql"
1370,R005838,1,"sql"
1371,R005841,1,"sql"
1372,R005847,1,"sql"
1373,R005853,1,"sql"
1374,R005854,1,"sql"
1375,R005857,1,"sql"
1376,R005864,1,"sql"
1377,R005866,1,"sql"
1378,R005868,1,"sql"
1379,R005872,1,"sql"
1380,R005873,1,"sql"
1381,R005875,1,"sql"
1382,R005876,1,"sql"
1383,R005879,1,"sql"
1384,R005881,1,"sql"
1385,R005884,1,"sql"
1386,R005885,1,"sql"
1387,R005897,1,"sql"
1388,R005907,1,"sql"
1389,R005927,1,"sql"
1390,R005933,1,"sql"
1391,R005937,1,"sql"
1392,R005938,1,"sql"
1393,R005939,1,"sql"
1394,R005943,1,"sql"
1395,R005945,1,"sql"
1396,R005947,1,"sql"
1397,R005955,1,"sql"
1398,R005963,1,"sql"
1399,R005964,1,"sql"
1400,R005973,1,"sql"
1401,R005978,1,"sql"
1402,R005980,1,"sql"
1403,R005982,1,"sql"
1404,R005987,1,"sql"
1405,R005993,1,"sql"
1406,R006000,1,"sql"
1407,R006007,1,"sql"
1408,R006012,1,"sql"
1409,R006014,1,"sql"
1410,R006025,1,"sql"
1411,R006027,1,"sql"
1412,R006036,1,"sql"
1413,R006037,1,"sql"
1414,R006038,1,"sql"
1415,R006040,1,"sql"
1416,R006052,1,"sql"
1417,R006054,1,"sql"
1418,R006063,1,"sql"
1419,R006064,1,"sql"
1420,R006069,1,"sql"
1421,R006070,1,"sql"
1422,R006071,1,"sql"
1423,R006074,1,"sql"
1424,R006078,1,"sql"
1425,R006080,1,"sql"
1426,R006084,1,"sql"
1427,R006090,1,"sql"
1428,R006091,1,"sql"
1429,R006098,1,"sql"
1430,R006100,1,"sql"
1431,R006101,1,"sql"
1432,R006102,1,"sql"
1433,R006122,1,"sql"
1434,R006125,1,"sql"
1435,R006127,1,"sql"
1436,R006134,1,"sql"
1437,R006140,1,"sql"
1438,R006141,1,"sql"
1439,R006145,1,"sql"
1440,R006149,1,"sql"
1441,R006151,1,"sql"
1442,R006160,1,"sql"
1443,R006162,1,"sql"
1444,R006167,1,"sql"
1445,R006171,1,"sql"
1446,R006173,1,"sql"
1447,R006177,1,"sql"
1448,R006186,1,"sql"
1449,R006187,1,"sql"
1450,R006193,1,"sql"
1451,R006194,1,"sql"
1452,R006196,1,"sql"
1453,R006202,1,"sql"
1454,R006207,1,"sql"
1455,R006208,1,"sql"
1456,R006211,1,"sql"
1457,R006214,1,"sql"
1458,R006216,1,"sql"
1459,R006220,1,"sql"
1460,R006223,1,"sql"
1461,R006231,1,"sql"
1462,R006242,1,"sql"
1463,R006243,1,"sql"
1464,R006246,1,"sql"
1465,R006247,1,"sql"
1466,R006254,1,"sql"
1467,R006255,1,"sql"
1468,R006260,1,"sql"
1469,R006266,1,"sql"
1470,R006268,1,"sql"
1471,R006269,1,"sql"
1472,R006270,1,"sql"
1473,R006271,1,"sql"
1474,R006276,1,"sql"
1475,R006278,1,"sql"
1476,R006282,1,"sql"
1477,R006290,1,"sql"
1478,R006292,1,"sql"
1479,R006298,1,"sql"
1480,R006305,1,"sql"
1481,R006316,1,"sql"
1482,R006318,1,"sql"
1483,R006331,1,"sql"
1484,R006341,1,"sql"
1485,R006342,1,"sql"
1486,R006344,1,"sql"
1487,R006348,1,"sql"
1488,R006352,1,"sql"
1489,R006355,1,"sql"
1490,R006358,1,"sql"
1491,R006361,1,"sql"
1492,R006365,1,"sql"
1493,R006368,1,"sql"
1494,R006369,1,"sql"
1495,R006371,1,"sql"
1496,R006373,1,"sql"
1497,R006374,1,"sql"
1498,R006378,1,"sql"
1499,R006383,1,"sql"
1500,R006387,1,"sql"
1501,R006392,1,"sql"
1502,R006394,1,"sql"
1503,R006396,1,"sql"
1504,R006404,1,"sql"
1505,R006406,1,"sql"
1506,R006409,1,"sql"
1507,R006415,1,"sql"
1508,R006418,1,"sql"
1509,R006420,1,"sql"
1510,R006430,1,"sql"
1511,R006433,1,"sql"
1512,R006441,1,"sql"
1513,R006455,1,"sql"
1514,R006456,1,"sql"
1515,R006458,1,"sql"
1516,R006465,1,"sql"
1517,R006470,1,"sql"
1518,R006471,1,"sql"
1519,R006473,1,"sql"
1520,R006476,1,"sql"
1521,R006477,1,"sql"
1522,R006479,1,"sql"
1523,R006482,1,"sql"
1524,R006483,1,"sql"
1525,R006485,1,"sql"
1526,R006489,1,"sql"
1527,R006490,1,"sql"
1528,R006495,1,"sql"
1529,R006498,1,"sql"
1530,R006504,1,"sql"
1531,R006506,1,"sql"
1532,R006509,1,"sql"
1533,R006511,1,"sql"
1534,R006514,1,"sql"
1535,R006515,1,"sql"
1536,R006516,1,"sql"
1537,R006520,1,"sql"
1538,R006522,1,"sql"
1539,R006533,1,"sql"
1540,R006534,1,"sql"
1541,R006536,1,"sql"
1542,R006538,1,"sql"
1543,R006539,1,"sql"
1544,R006542,1,"sql"
1545,R006543,1,"sql"
1546,R006554,1,"sql"
1547,R006555,1,"sql"
1548,R006559,1,"sql"
1549,R006564,1,"sql"
1550,R006568,1,"sql"
1551,R006574,1,"sql"
1552,R006576,1,"sql"
1553,R006579,1,"sql"
1554,R006580,1,"sql"
1555,R006582,1,"sql"
1556,R006584,1,"sql"
1557,R006593,1,"sql"
1558,R006594,1,"sql"
1559,R006600,1,"sql"
1560,R006609,1,"sql"
1561,R006620,1,"sql"
1562,R006622,1,"sql"
1563,R006623,1,"sql"
1564,R006634,1,"sql"
1565,R006635,1,"sql"
1566,R006645,1,"sql"
1567,R006647,1,"sql"
1568,R006649,1,"sql"
1569,R006650,1,"sql"
1570,R006652,1,"sql"
1571,R006659,1,"sql"
1572,R006663,1,"sql"
1573,R006665,1,"sql"
1574,R006679,1,"sql"
1575,R006686,1,"sql"
1576,R006691,1,"sql"
1577,R006693,1,"sql"
1578,R006701,1,"sql"
1579,R006705,1,"sql"
1580,R006712,1,"sql"
1581,R006716,1,"sql"
1582,R006717,1,"sql"
1583,R006725,1,"sql"
1584,R006733,1,"sql"
1585,R006743,1,"sql"
1586,R006745,1,"sql"
1587,R006750,1,"sql"
1588,R006752,1,"sql"
1589,R006753,1,"sql"
1590,R006759,1,"sql"
1591,R006760,1,"sql"
1592,R006766,1,"sql"
1593,R006769,1,"sql"
1594,R006771,1,"sql"
1595,R006772,1,"sql"
1596,R006777,1,"sql"
1597,R006778,1,"sql"
1598,R006782,1,"sql"
1599,R006796,1,"sql"
1600,R006802,1,"sql"
1601,R006803,1,"sql"
1602,R006814,1,"sql"
1603,R006820,1,"sql"
1604,R006826,1,"sql"
1605,R006827,1,"sql"
1606,R006833,1,"sql"
1607,R006839,1,"sql"
1608,R006841,1,"sql"
1609,R006847,1,"sql"
1610,R006851,1,"sql"
1611,R006856,1,"sql"
1612,R006859,1,"sql"
1613,R006860,1,"sql"
1614,R006863,1,"sql"
1615,R006864,1,"sql"
1616,R006865,1,"sql"
1617,R006874,1,"sql"
1618,R006876,1,"sql"
1619,R006877,1,"sql"
1620,R006881,1,"sql"
1621,R006884,1,"sql"
1622,R006886,1,"sql"
1623,R006888,1,"sql"
1624,R006899,1,"sql"
1625,R006908,1,"sql"
1626,R006911,1,"sql"
1627,R006923,1,"sql"
1628,R006936,1,"sql"
1629,R006943,1,"sql"
1630,R006944,1,"sql"
1631,R006951,1,"sql"
1632,R006955,1,"sql"
1633,R006956,1,"sql"
1634,R006963,1,"sql"
1635,R006965,1,"sql"
1636,R006966,1,"sql"
1637,R006969,1,"sql"
1638,R006974,1,"sql"
1639,R006975,1,"sql"
1640,R006980,1,"sql"
1641,R006988,1,"sql"
1642,R006995,1,"sql"
1643,R006996,1,"sql"
1644,R007002,1,"sql"
1645,R007007,1,"sql"
1646,R007013,1,"sql"
1647,R007020,1,"sql"
1648,R007021,1,"sql"
1649,R007023,1,"sql"
1650,R007030,1,"sql"
1651,R007032,1,"sql"
1652,R007040,1,"sql"
1653,R007049,1,"sql"
1654,R007060,1,"sql"
1655,R007062,1,"sql"
1656,R007064,1,"sql"
1657,R007067,1,"sql"
1658,R007068,1,"sql"
1659,R007075,1,"sql"
1660,R007080,1,"sql"
1661,R007086,1,"sql"
1662,R007094,1,"sql"
1663,R007096,1,"sql"
1664,R007101,1,"sql"
1665,R007102,1,"sql"
1666,R007103,1,"sql"
1667,R007109,1,"sql"
1668,R007113,1,"sql"
1669,R007114,1,"sql"
1670,R007115,1,"sql"
1671,R007126,1,"sql"
1672,R007129,1,"sql"
1673,R007134,1,"sql"
1674,R007139,1,"sql"
1675,R007141,1,"sql"
1676,R007147,1,"sql"
1677,R007148,1,"sql"
1678,R007150,1,"sql"
1679,R007153,1,"sql"
1680,R007154,1,"sql"
1681,R007155,1,"sql"
1682,R007157,1,"sql"
1683,R007161,1,"sql"
1684,R007164,1,"sql"
1685,R007166,1,"sql"
1686,R007170,1,"sql"
1687,R007173,1,"sql"
1688,R007180,1,"sql"
1689,R007187,1,"sql"
1690,R007188,1,"sql"
1691,R007195,1,"sql"
1692,R007200,1,"sql"
1693,R007204,1,"sql"
1694,R007208,1,"sql"
1695,R007212,1,"sql"
1696,R007216,1,"sql"
1697,R007217,1,"sql"
1698,R007218,1,"sql"
1699,R007219,1,"sql"
1700,R007220,1,"sql"
1701,R007221,1,"sql"
1702,R007225,1,"sql"
1703,R007226,1,"sql"
1704,R007230,1,"sql"
1705,R007232,1,"sql"
1706,R007242,1,"sql"
1707,R007246,1,"sql"
1708,R007247,1,"sql"
1709,R007249,1,"sql"
1710,R007255,1,"sql"
1711,R007260,1,"sql"
1712,R007262,1,"sql"
1713,R007267,1,"sql"
1714,R007268,1,"sql"
1715,R007269,1,"sql"
1716,R007275,1,"sql"
1717,R007277,1,"sql"
1718,R007280,1,"sql"
1719,R007283,1,"sql"
1720,R007290,1,"sql"
1721,R007297,1,"sql"
1722,R007302,1,"sql"
1723,R007306,1,"sql"
1724,R007310,1,"sql"
1725,R007332,1,"sql"
1726,R007337,1,"sql"
1727,R007343,1,"sql"
1728,R007351,1,"sql"
1729,R007357,1,"sql"
1730,R007365,1,"sql"
1731,R007375,1,"sql"
1732,R007376,1,"sql"
1733,R007379,1,"sql"
1734,R007381,1,"sql"
1735,R007382,1,"sql"
1736,R007386,1,"sql"
1737,R007388,1,"sql"
1738,R007392,1,"sql"
1739,R007404,1,"sql"
1740,R007408,1,"sql"
1741,R007415,1,"sql"
1742,R007416,1,"sql"
1743,R007422,1,"sql"
1744,R007433,1,"sql"
1745,R007434,1,"sql"
1746,R007436,1,"sql"
1747,R007440,1,"sql"
1748,R007448,1,"sql"
1749,R007455,1,"sql"
1750,R007458,1,"sql"
1751,R007459,1,"sql"
1752,R007461,1,"sql"
1753,R007462,1,"sql"
1754,R007472,1,"sql"
1755,R007474,1,"sql"
1756,R007475,1,"sql"
1757,R007479,1,"sql"
1758,R007494,1,"sql"
1759,R007501,1,"sql"
1760,R007503,1,"sql"
1761,R007504,1,"sql"
1762,R007509,1,"sql"
1763,R007514,1,"sql"
1764,R007515,1,"sql"
1765,R007521,1,"sql"
1766,R007523,1,"sql"
1767,R007525,1,"sql"
1768,R007528,1,"sql"
1769,R007529,1,"sql"
1770,R007531,1,"sql"
1771,R007532,1,"sql"
1772,R007534,1,"sql"
1773,R007543,1,"sql"
1774,R007552,1,"sql"
1775,R007553,1,"sql"
1776,R007560,1,"sql"
1777,R007571,1,"sql"
1778,R007573,1,"sql"
1779,R007577,1,"sql"
1780,R007580,1,"sql"
1781,R007584,1,"sql"
1782,R007585,1,"sql"
1783,R007597,1,"sql"
1784,R007599,1,"sql"
1785,R007608,1,"sql"
1786,R007611,1,"sql"
1787,R007614,1,"sql"
1788,R007617,1,"sql"
1789,R007618,1,"sql"
1790,R007620,1,"sql"
1791,R007627,1,"sql"
1792,R007629,1,"sql"
1793,R007632,1,"sql"
1794,R007635,1,"sql"
1795,R007636,1,"sql"
1796,R007637,1,"sql"
1797,R007640,1,"sql"
1798,R007643,1,"sql"
1799,R007647,1,"sql"
1800,R007652,1,"sql"
1801,R007659,1,"sql"
1802,R007662,1,"sql"
1803,R007663,1,"sql"
1804,R007665,1,"sql"
1805,R007667,1,"sql"
1806,R007672,1,"sql"
1807,R007673,1,"sql"
1808,R007676,1,"sql"
1809,R007677,1,"sql"
1810,R007678,1,"sql"
1811,R007692,1,"sql"
1812,R007693,1,"sql"
1813,R007695,1,"sql"
1814,R007699,1,"sql"
1815,R007700,1,"sql"
1816,R007714,1,"sql"
1817,R007721,1,"sql"
1818,R007724,1,"sql"
1819,R007730,1,"sql"
1820,R007742,1,"sql"
1821,R007749,1,"sql"
1822,R007766,1,"sql"
1823,R007770,1,"sql"
1824,R007771,1,"sql"
1825,R007779,1,"sql"
1826,R007788,1,"sql"
1827,R007793,1,"sql"
1828,R007794,1,"sql"
1829,R007799,1,"sql"
1830,R007803,1,"sql"
1831,R007809,1,"sql"
1832,R007816,1,"sql"
1833,R007819,1,"sql"
1834,R007820,1,"sql"
1835,R007821,1,"sql"
1836,R007823,1,"sql"
1837,R007835,1,"sql"
1838,R007848,1,"sql"
1839,R007850,1,"sql"
1840,R007851,1,"sql"
1841,R007853,1,"sql"
1842,R007857,1,"sql"
1843,R007859,1,"sql"
1844,R007864,1,"sql"
1845,R007870,1,"sql"
1846,R007875,1,"sql"
1847,R007876,1,"sql"
1848,R007877,1,"sql"
1849,R007889,1,"sql"
1850,R007893,1,"sql"
1851,R007897,1,"sql"
1852,R007908,1,"sql"
1853,R007909,1,"sql"
1854,R007913,1,"sql"
1855,R007924,1,"sql"
1856,R007930,1,"sql"
1857,R007942,1,"sql"
1858,R007943,1,"sql"
1859,R007946,1,"sql"
1860,R007951,1,"sql"
1861,R007956,1,"sql"
1862,R007965,1,"sql"
1863,R007967,1,"sql"
1864,R007971,1,"sql"
1865,R007975,1,"sql"
1866,R007976,1,"sql"
1867,R007977,1,"sql"
1868,R007980,1,"sql"
1869,R007988,1,"sql"
1870,R007991,1,"sql"
1871,R007992,1,"sql"
1872,R007998,1,"sql"
1873,R008001,1,"sql"
1874,R008003,1,"sql"
1875,R008004,1,"sql"
1876,R008005,1,"sql"
1877,R008010,1,"sql"
1878,R008015,1,"sql"
1879,R008026,1,"sql"
1880,R008027,1,"sql"
1881,R008030,1,"sql"
1882,R008031,1,"sql"
1883,R008057,1,"sql"
1884,R008065,1,"sql"
1885,R008066,1,"sql"
1886,R008075,1,"sql"
1887,R008079,1,"sql"
1888,R008080,1,"sql"
1889,R008088,1,"sql"
1890,R008091,1,"sql"
1891,R008096,1,"sql"
1892,R008097,1,"sql"
1893,R008101,1,"sql"
1894,R008102,1,"sql"
1895,R008109,1,"sql"
1896,R008112,1,"sql"
1897,R008116,1,"sql"
1898,R008121,1,"sql"
1899,R008124,1,"sql"
1900,R008126,1,"sql"
1901,R008130,1,"sql"
1902,R008134,1,"sql"
1903,R008138,1,"sql"
1904,R008141,1,"sql"
1905,R008143,1,"sql"
1906,R008145,1,"sql"
1907,R008157,1,"sql"
1908,R008158,1,"sql"
1909,R008161,1,"sql"
1910,R008165,1,"sql"
1911,R008166,1,"sql"
1912,R008173,1,"sql"
1913,R008178,1,"sql"
1914,R008180,1,"sql"
1915,R008181,1,"sql"
1916,R008188,1,"sql"
1917,R008193,1,"sql"
1918,R008196,1,"sql"
1919,R008202,1,"sql"
1920,R008203,1,"sql"
1921,R008204,1,"sql"
1922,R008206,1,"sql"
1923,R008207,1,"sql"
1924,R008209,1,"sql"
1925,R008210,1,"sql"
1926,R008214,1,"sql"
1927,R008216,1,"sql"
1928,R008220,1,"sql"
1929,R008223,1,"sql"
1930,R008226,1,"sql"
1931,R008230,1,"sql"
1932,R008231,1,"sql"
1933,R008232,1,"sql"
1934,R008237,1,"sql"
1935,R008239,1,"sql"
1936,R008245,1,"sql"
1937,R008246,1,"sql"
1938,R008261,1,"sql"
1939,R008270,1,"sql"
1940,R008274,1,"sql"
1941,R008278,1,"sql"
1942,R008283,1,"sql"
1943,R008287,1,"sql"
1944,R008294,1,"sql"
1945,R008301,1,"sql"
1946,R008302,1,"sql"
1947,R008304,1,"sql"
1948,R008313,1,"sql"
1949,R008315,1,"sql"
1950,R008323,1,"sql"
1951,R008326,1,"sql"
1952,R008332,1,"sql"
1953,R008333,1,"sql"
1954,R008336,1,"sql"
1955,R008339,1,"sql"
1956,R008344,1,"sql"
1957,R008353,1,"sql"
1958,R008354,1,"sql"
1959,R008362,1,"sql"
1960,R008363,1,"sql"
1961,R008366,1,"sql"
1962,R008371,1,"sql"
1963,R008374,1,"sql"
1964,R008376,1,"sql"
1965,R008379,1,"sql"
1966,R008380,1,"sql"
1967,R008384,1,"sql"
1968,R008386,1,"sql"
1969,R008388,1,"sql"
1970,R008393,1,"sql"
1971,R008400,1,"sql"
1972,R008403,1,"sql"
1973,R008404,1,"sql"
1974,R008406,1,"sql"
1975,R008415,1,"sql"
1976,R008416,1,"sql"
1977,R008427,1,"sql"
1978,R008433,1,"sql"
1979,R008434,1,"sql"
1980,R008440,1,"sql"
1981,R008442,1,"sql"
1982,R008444,1,"sql"
1983,R008445,1,"sql"
1984,R008452,1,"sql"
1985,R008455,1,"sql"
1986,R008459,1,"sql"
1987,R008460,1,"sql"
1988,R008464,1,"sql"
1989,R008468,1,"sql"
1990,R008469,1,"sql"
1991,R008472,1,"sql"
1992,R008475,1,"sql"
1993,R008476,1,"sql"
1994,R008478,1,"sql"
1995,R008479,1,"sql"
1996,R008480,1,"sql"
1997,R008485,1,"sql"
1998,R008487,1,"sql"
1999,R008488,1,"sql"
2000,R008502,1,"sql"
2001,R008510,1,"sql"
2002,R008511,1,"sql"
2003,R008514,1,"sql"
2004,R008516,1,"sql"
2005,R008526,1,"sql"
2006,R008530,1,"sql"
2007,R008535,1,"sql"
2008,R008539,1,"sql"
2009,R008540,1,"sql"
2010,R008543,1,"sql"
2011,R008550,1,"sql"
2012,R008555,1,"sql"
2013,R008557,1,"sql"
2014,R008562,1,"sql"
2015,R008566,1,"sql"
2016,R008568,1,"sql"
2017,R008572,1,"sql"
2018,R008574,1,"sql"
2019,R008575,1,"sql"
2020,R008583,1,"sql"
2021,R008586,1,"sql"
2022,R008593,1,"sql"
2023,R008595,1,"sql"
2024,R008597,1,"sql"
2025,R008620,1,"sql"
2026,R008633,1,"sql"
2027,R008638,1,"sql"
2028,R008646,1,"sql"
2029,R008647,1,"sql"
2030,R008649,1,"sql"
2031,R008652,1,"sql"
2032,R008656,1,"sql"
2033,R008661,1,"sql"
2034,R008662,1,"sql"
2035,R008676,1,"sql"
2036,R008678,1,"sql"
2037,R008685,1,"sql"
2038,R008689,1,"sql"
2039,R008691,1,"sql"
2040,R008695,1,"sql"
2041,R008698,1,"sql"
2042,R008707,1,"sql"
2043,R008708,1,"sql"
2044,R008710,1,"sql"
2045,R008716,1,"sql"
2046,R008718,1,"sql"
2047,R008729,1,"sql"
2048,R008731,1,"sql"
2049,R008736,1,"sql"
2050,R008737,1,"sql"
2051,R008739,1,"sql"
2052,R008746,1,"sql"
2053,R008748,1,"sql"
2054,R008754,1,"sql"
2055,R008758,1,"sql"
2056,R008759,1,"sql"
2057,R008764,1,"sql"
2058,R008769,1,"sql"
2059,R008773,1,"sql"
2060,R008775,1,"sql"
2061,R008776,1,"sql"
2062,R008782,1,"sql"
2063,R008787,1,"sql"
2064,R008789,1,"sql"
2065,R008794,1,"sql"
2066,R008795,1,"sql"
2067,R008799,1,"sql"
2068,R008802,1,"sql"
2069,R008804,1,"sql"
2070,R008805,1,"sql"
2071,R008807,1,"sql"
2072,R008809,1,"sql"
2073,R008812,1,"sql"
2074,R008821,1,"sql"
2075,R008825,1,"sql"
2076,R008826,1,"sql"
2077,R008829,1,"sql"
2078,R008833,1,"sql"
2079,R008839,1,"sql"
2080,R008841,1,"sql"
2081,R008842,1,"sql"
2082,R008849,1,"sql"
2083,R008850,1,"sql"
2084,R008852,1,"sql"
2085,R008855,1,"sql"
2086,R008859,1,"sql"
2087,R008860,1,"sql"
2088,R008865,1,"sql"
2089,R008867,1,"sql"
2090,R008869,1,"sql"
2091,R008873,1,"sql"
2092,R008877,1,"sql"
2093,R008879,1,"sql"
2094,R008884,1,"sql"
2095,R008885,1,"sql"
2096,R008886,1,"sql"
2097,R008901,1,"sql"
2098,R008909,1,"sql"
2099,R008912,1,"sql"
2100,R008914,1,"sql"
2101,R008915,1,"sql"
2102,R008921,1,"sql"
2103,R008935,1,"sql"
2104,R008942,1,"sql"
2105,R008943,1,"sql"
2106,R008944,1,"sql"
2107,R008955,1,"sql"
2108,R008959,1,"sql"
2109,R008962,1,"sql"
2110,R008966,1,"sql"
2111,R008967,1,"sql"
2112,R008969,1,"sql"
2113,R008979,1,"sql"
2114,R008982,1,"sql"
2115,R008984,1,"sql"
2116,R008987,1,"sql"
2117,R008988,1,"sql"
2118,R008989,1,"sql"
2119,R008993,1,"sql"
2120,R008995,1,"sql"
2121,R008998,1,"sql"
2122,R009001,1,"sql"
2123,R009011,1,"sql"
2124,R009012,1,"sql"
2125,R009016,1,"sql"
2126,R009018,1,"sql"
2127,R009019,1,"sql"
2128,R009022,1,"sql"
2129,R009027,1,"sql"
2130,R009028,1,"sql"
2131,R009029,1,"sql"
2132,R009032,1,"sql"
2133,R009035,1,"sql"
2134,R009036,1,"sql"
2135,R009037,1,"sql"
2136,R009044,1,"sql"
2137,R009045,1,"sql"
2138,R009047,1,"sql"
2139,R009048,1,"sql"
2140,R009054,1,"sql"
2141,R009056,1,"sql"
2142,R009057,1,"sql"
2143,R009062,1,"sql"
2144,R009064,1,"sql"
2145,R009067,1,"sql"
2146,R009074,1,"sql"
2147,R009076,1,"sql"
2148,R009078,1,"sql"
2149,R009080,1,"sql"
2150,R009081,1,"sql"
2151,R009086,1,"sql"
2152,R009098,1,"sql"
2153,R009102,1,"sql"
2154,R009103,1,"sql"
2155,R009104,1,"sql"
2156,R009107,1,"sql"
2157,R009112,1,"sql"
2158,R009118,1,"sql"
2159,R009120,1,"sql"
2160,R009121,1,"sql"
2161,R009122,1,"sql"
2162,R009123,1,"sql"
2163,R009126,1,"sql"
2164,R009127,1,"sql"
2165,R009128,1,"sql"
2166,R009130,1,"sql"
2167,R009132,1,"sql"
2168,R009137,1,"sql"
2169,R009138,1,"sql"
2170,R009147,1,"sql"
2171,R009150,1,"sql"
2172,R009151,1,"sql"
2173,R009159,1,"sql"
2174,R009164,1,"sql"
2175,R009166,1,"sql"
2176,R009168,1,"sql"
2177,R009173,1,"sql"
2178,R009176,1,"sql"
2179,R009178,1,"sql"
2180,R009182,1,"sql"
2181,R009185,1,"sql"
2182,R009186,1,"sql"
2183,R009192,1,"sql"
2184,R009194,1,"sql"
2185,R009198,1,"sql"
2186,R009199,1,"sql"
2187,R009202,1,"sql"
2188,R009205,1,"sql"
2189,R009213,1,"sql"
2190,R009222,1,"sql"
2191,R009243,1,"sql"
2192,R009244,1,"sql"
2193,R009246,1,"sql"
2194,R009250,1,"sql"
2195,R009252,1,"sql"
2196,R009253,1,"sql"
2197,R009255,1,"sql"
2198,R009257,1,"sql"
2199,R009258,1,"sql"
2200,R009261,1,"sql"
2201,R009262,1,"sql"
2202,R009263,1,"sql"
2203,R009264,1,"sql"
2204,R009268,1,"sql"
2205,R009272,1,"sql"
2206,R009276,1,"sql"
2207,R009282,1,"sql"
2208,R009284,1,"sql"
2209,R009294,1,"sql"
2210,R009296,1,"sql"
2211,R009297,1,"sql"
2212,R009299,1,"sql"
2213,R009309,1,"sql"
2214,R009313,1,"sql"
2215,R009321,1,"sql"
2216,R009322,1,"sql"
2217,R009325,1,"sql"
2218,R009329,1,"sql"
2219,R009332,1,"sql"
2220,R009340,1,"sql"
2221,R009345,1,"sql"
2222,R009353,1,"sql"
2223,R009355,1,"sql"
2224,R009357,1,"sql"
2225,R009362,1,"sql"
2226,R009363,1,"sql"
2227,R009366,1,"sql"
2228,R009367,1,"sql"
2229,R009373,1,"sql"
2230,R009380,1,"sql"
2231,R009381,1,"sql"
2232,R009385,1,"sql"
2233,R009386,1,"sql"
2234,R009388,1,"sql"
2235,R009391,1,"sql"
2236,R009405,1,"sql"
2237,R009407,1,"sql"
2238,R009408,1,"sql"
2239,R009412,1,"sql"
2240,R009421,1,"sql"
2241,R009425,1,"sql"
2242,R009430,1,"sql"
2243,R009431,1,"sql"
2244,R009436,1,"sql"
2245,R009441,1,"sql"
2246,R009444,1,"sql"
2247,R009446,1,"sql"
2248,R009448,1,"sql"
2249,R009453,1,"sql"
2250,R009462,1,"sql"
2251,R009464,1,"sql"
2252,R009472,1,"sql"
2253,R009473,1,"sql"
2254,R009482,1,"sql"
2255,R009486,1,"sql"
2256,R009487,1,"sql"
2257,R009488,1,"sql"
2258,R009496,1,"sql"
2259,R009497,1,"sql"
2260,R009499,1,"sql"
2261,R009502,1,"sql"
2262,R009506,1,"sql"
2263,R009509,1,"sql"
2264,R009519,1,"sql"
2265,R009521,1,"sql"
2266,R009524,1,"sql"
2267,R009525,1,"sql"
2268,R009526,1,"sql"
2269,R009527,1,"sql"
2270,R009532,1,"sql"
2271,R009535,1,"sql"
2272,R009536,1,"sql"
2273,R009538,1,"sql"
2274,R009541,1,"sql"
2275,R009546,1,"sql"
2276,R009549,1,"sql"
2277,R009550,1,"sql"
2278,R009552,1,"sql"
2279,R009556,1,"sql"
2280,R009558,1,"sql"
2281,R009559,1,"sql"
2282,R009561,1,"sql"
2283,R009572,1,"sql"
2284,R009577,1,"sql"
2285,R009582,1,"sql"
2286,R009584,1,"sql"
2287,R009599,1,"sql"
2288,R009606,1,"sql"
2289,R009613,1,"sql"
2290,R009616,1,"sql"
2291,R009618,1,"sql"
2292,R009623,1,"sql"
2293,R009626,1,"sql"
2294,R009627,1,"sql"
2295,R009636,1,"sql"
2296,R009637,1,"sql"
2297,R009647,1,"sql"
2298,R009650,1,"sql"
2299,R009657,1,"sql"
2300,R009663,1,"sql"
2301,R009666,1,"sql"
2302,R009671,1,"sql"
2303,R009675,1,"sql"
2304,R009679,1,"sql"
2305,R009687,1,"sql"
2306,R009688,1,"sql"
2307,R009690,1,"sql"
2308,R009694,1,"sql"
2309,R009702,1,"sql"
2310,R009709,1,"sql"
2311,R009710,1,"sql"
2312,R009712,1,"sql"
2313,R009715,1,"sql"
2314,R009718,1,"sql"
2315,R009729,1,"sql"
2316,R009736,1,"sql"
2317,R009738,1,"sql"
2318,R009741,1,"sql"
2319,R009744,1,"sql"
2320,R009747,1,"sql"
2321,R009759,1,"sql"
2322,R009761,1,"sql"
2323,R009762,1,"sql"
2324,R009769,1,"sql"
2325,R009773,1,"sql"
2326,R009774,1,"sql"
2327,R009781,1,"sql"
2328,R009782,1,"sql"
2329,R009783,1,"sql"
2330,R009785,1,"sql"
2331,R009792,1,"sql"
2332,R009795,1,"sql"
2333,R009798,1,"sql"
2334,R009807,1,"sql"
2335,R009808,1,"sql"
2336,R009809,1,"sql"
2337,R009813,1,"sql"
2338,R009820,1,"sql"
2339,R009823,1,"sql"
2340,R009827,1,"sql"
2341,R009834,1,"sql"
2342,R009840,1,"sql"
2343,R009846,1,"sql"
2344,R009847,1,"sql"
2345,R009851,1,"sql"
2346,R009854,1,"sql"
2347,R009860,1,"sql"
2348,R009861,1,"sql"
2349,R009867,1,"sql"
2350,R009880,1,"sql"
2351,R009882,1,"sql"
2352,R009895,1,"sql"
2353,R009897,1,"sql"
2354,R009904,1,"sql"
2355,R009905,1,"sql"
2356,R009911,1,"sql"
2357,R009915,1,"sql"
2358,R009926,1,"sql"
2359,R009927,1,"sql"
2360,R009934,1,"sql"
2361,R009938,1,"sql"
2362,R009941,1,"sql"
2363,R009948,1,"sql"
2364,R009963,1,"sql"
2365,R009964,1,"sql"
2366,R009979,1,"sql"
2367,R009980,1,"sql"
2368,R009981,1,"sql"
2369,R009982,1,"sql"
2370,R009983,1,"sql"
2371,R009988,1,"sql"
2372,R009997,1,"sql"
